dinosaur,animal
elephant,animal
flamingo,animal
goldfish,animal
kangaroo,animal
mosquito,animal
penguins,animal
reindeer,animal
scorpion,animal
seahorse,animal
squirrel,animal
tortoise,animal
beehive,animal
buffalo,animal
catfish,animal
chicken,animal
dolphin,animal
giraffe,animal
gorilla,animal
hamster,animal
ladybug,animal
leopard,animal
lobster,animal
mammoth,animal
narwhal,animal
octopus,animal
ostrich,animal
peacock,animal
penguin,animal
pitbull,animal
raccoon,animal
reptile,animal
rooster,animal
seagull,animal
tadpole,animal
banana,animal
donkey,animal
jaguar,animal
lizard,animal
monkey,animal
parrot,animal
earmuffs,clothing
overalls,clothing
pantsuit,clothing
raincoat,clothing
slippers,clothing
sneakers,clothing
sombrero,clothing
swimsuit,clothing
mittens,clothing
pajamas,clothing
sandals,clothing
sweater,clothing
bikini,clothing
computer,computing
facebook,computing
firewall,computing
macbook,computing
monitor,computing
blender,electronic device
boombox,electronic device
jukebox,electronic device
camera,electronic device
gandalf,fantasy
griffin,fantasy
festivus,festivity
hanukkah,festivity
kwanzaa,festivity
wedding,festivity
baguette,food
broccoli,food
espresso,food
fastfood,food
lollipop,food
macaroni,food
meatball,food
mushroom,food
pancakes,food
sandwich,food
soysauce,food
avocado,food
brownie,food
burrito,food
coconut,food
cookies,food
cupcake,food
doritos,food
ketchup,food
mustard,food
noodles,food
oatmeal,food
pancake,food
peaches,food
popcorn,food
pretzel,food
pumpkin,food
sausage,food
seafood,food
spinach,food
burger,food
cereal,food
cheese,food
coffee,food
cookie,food
eggplant,food
dinner,food
hotdog,food
icepop,food
lemons,food
muffin,food
noodle,food
omelet,food
orange,food
peanut,food
pepper,food
pickle,food
barstool,furniture
bookcase,furniture
waterbed,furniture
bathtub,furniture
bunkbed,furniture
cabinet,furniture
dresser,furniture
lavalamp,furniture
checkers,games
joystick,games
monopoly,games
scrabble,games
pinball,games
yahtzee,games
cemetery,location
library,location
mansion,location
petshop,location
theater,location
casino,location
castle,location
church,location
circus,location
crutches,medical
dentures,medical
firstaid,medical
headache,medical
hospital,medical
medicine,medical
seasick,medical
vaccine,medical
vitamin,medical
trombone,musical instrument
drumset,musical instrument
bagpipes,musical instrument
guitar,musical instrument
atlantis,mythology
hercules,mythology
minotaur,mythology
poseidon,mythology
bigfoot,mythology
centaur,mythology
cyclops,mythology
goddess,mythology
jupiter,mythology
mermaid,mythology
monster,mythology
neptune,mythology
pegasus,mythology
phoenix,mythology
unicorn,mythology
vampire,mythology
dragon,mythology
werewolf,mythology
doorknob,object
doorstep,object
elevator,object
envelope,object
firewood,object
fountain,object
handcuff,object
keychain,object
palmtree,plant
pinecone,plant
primrose,plant
oaktree,plant
seaweed,plant
bamboo,plant
cactus,plant
carrot,plant
celery,plant
cherry,plant
garlic,plant
grapes,plant
flower,plant
autobots,pop culture
catwoman,pop culture
garfield,pop culture
lionking,pop culture
startrek,pop culture
starwars,pop culture
twilight,pop culture
aladdin,pop culture
ironman,pop culture
katniss,pop culture
madonna,pop culture
pikachu,pop culture
riddler,pop culture
twoface,pop culture
avatar,pop culture
barbie,pop culture
batman,pop culture
bowser,pop culture
asterix,pop culture
superman,pop culture
hawkeye,pop culture
assassin,profession
director,profession
gangster,profession
gardener,profession
magician,profession
princess,profession
rockstar,profession
waitress,profession
wrestler,profession
butcher,profession
captain,profession
cashier,profession
cowgirl,profession
dentist,profession
drummer,profession
gymnast,profession
mailman,profession
milkman,profession
painter,profession
plumber,profession
sheriff,profession
soldier,profession
surgeon,profession
teacher,profession
warrior,profession
artist,profession
barber,profession
cowboy,profession
doctor,profession
farmer,profession
baseball,sports
dumbbell,sports
football,sports
goalpost,sports
golfclub,sports
handball,sports
iceskate,sports
jumprope,sports
longjump,sports
minigolf,sports
olympics,sports
pingpong,sports
swimming,sports
archery,sports
bowling,sports
fencing,sports
fishing,sports
frisbee,sports
javelin,sports
referee,sports
boxing,sports
nailfile,toiletries
sunblock,toiletries
hairdye,toiletries
hairgel,toiletries
mascara,toiletries
lipstick,toiletries
perfume,toiletries
shampoo,toiletries
chainsaw,tool
scissors,tool
tweezers,tool
compass,tool
crowbar,tool
dustpan,tool
stapler,tool
toolbox,tool
bracelet,valuables
crystal,valuables
diamond,valuables
emerald,valuables
jewelry,valuables
sapphire,valuables
dogsled,transportation
rowboat,transportation
shuttle,transportation
racecar,transportation
airplane,transportation
unicycle,transportation
forklift,vehicle
golfcart,vehicle
sailboat,vehicle
towtruck,vehicle
tricycle,vehicle
zeppelin,vehicle
bicycle,vehicle
minivan,vehicle
porsche,vehicle
scooter,vehicle
tractor,vehicle
tugboat,vehicle
catapult,weapon
crossbow,weapon
dynamite,weapon
bayonet,weapon
bazooka,weapon
handgun,weapon
missile,weapon
shotgun,weapon
torpedo,weapon
cannon,weapon
timebomb,weapon
grenade,weapon
blizzard,weather
thunder,weather
tornado,weather